variable,level,exp,rmse,corr,bias,stdratio
t,1000,conv,2.500404819621873,0.9038775408834223,-1.743409831779818,1.1447491053865013
t,1000,convsat,0.773545071213824,0.9802985170122753,-0.27901718171522605,0.97414878185293
t,1000,noRO,2.93519417427068,0.8866989273397186,-2.185381081436286,1.1592707243869833
t,1000,RO3ch,4.769997579224498,0.7784469886181233,-3.970020063359614,1.139760990998244
t,1000,RObangle,5.595782416872911,0.7000683353542019,-4.936816643260073,0.804100968805372
t,1000,cpu,2.4767729184249188,0.9056157242921792,-1.725600014695499,1.1443102140765844
t,1000,mpsbroken,6.2660464178149855,0.6627301823746965,-4.878813024693151,1.4367794879772942
t,925,conv,2.275136675128101,0.9018488150008629,-1.6018262288451106,1.1089524888326987
t,925,convsat,0.7453154512295603,0.9797020227146639,-0.2999034299259543,0.9521854073341895
t,925,noRO,2.6872398215957407,0.8779908723254904,-1.9732213588969794,1.1299921881467614
t,925,RO3ch,4.713909483126269,0.7957155036905627,-4.082363669803489,1.1445654418149578
t,925,RObangle,5.470191974304294,0.5299926034301717,-4.622668741774757,0.7120145911586351
t,925,cpu,2.248405031587256,0.9043255555982428,-1.586490120485884,1.1068876219114412
t,925,mpsbroken,6.107291193041078,0.6134695730310351,-4.732595556095023,1.4422028203895263
t,850,conv,2.1471021180731817,0.9242050276143163,-1.5468503930965338,1.142358691670106
t,850,convsat,0.7398841772864764,0.9810304088745908,-0.3415224676119228,0.9794115612631944
t,850,noRO,2.5039579135466163,0.8969515633182491,-1.7993954144651394,1.1596879473321795
t,850,RO3ch,4.584769033186631,0.8428829268248136,-4.024386864333526,1.2052791396685365
t,850,RObangle,5.353104485755998,0.6105519649956808,-4.614557362014366,0.7330034976171962
t,850,cpu,2.124202511001967,0.9256775111864604,-1.530747127943948,1.1403993805226962
t,850,mpsbroken,6.114628496624888,0.6625411216462221,-5.003656708604354,1.3812558757788573
t,700,conv,1.4284468454821972,0.9806908605300086,-1.1683062240874613,1.0245806709392111
t,700,convsat,0.6475326966732899,0.9897642284678382,-0.2567892553767738,0.964334983191704
t,700,noRO,1.5465212206974088,0.9757106490429623,-1.2424006988201686,1.0252079903675813
t,700,RO3ch,3.940586112658449,0.8982431172110308,-3.4534449006944508,1.0432948813005454
t,700,RObangle,5.078703896307375,0.8030473145190484,-4.424850715588717,0.6829899979479687
t,700,cpu,1.4273416583789333,0.9806479502263419,-1.1671210583934568,1.0232984101333022
t,700,mpsbroken,5.455077284647736,0.815478066983956,-4.6761468598085845,1.1819419933685795
t,600,conv,1.65159697628663,0.9777330621325716,-1.3910687325262343,0.9927429329440186
t,600,convsat,0.5683723660375574,0.9923063224351389,-0.2139741230024621,0.9799047537238406
t,600,noRO,1.8550357585921609,0.9666780396022283,-1.494855566852802,1.009566530618944
t,600,RO3ch,4.163804331861975,0.9378390133409189,-3.8748457894991937,1.0339961085347853
t,600,RObangle,5.258873234492681,0.909607809231015,-4.944311307305401,0.8283518456131719
t,600,cpu,1.651237842506987,0.9775305806332473,-1.3883741703748547,0.9909973999020034
t,600,mpsbroken,4.44515552408074,0.8476055163254058,-3.453524166350719,1.2423156539787588
t,500,conv,1.6476233118870587,0.988097256694825,-1.4415620657895412,1.057245834961431
t,500,convsat,0.5653189528927384,0.9934060286489634,-0.15122270489266487,0.9826998569844041
t,500,noRO,1.8530696660096946,0.9821625864362407,-1.5524604552951047,1.0840931456441505
t,500,RO3ch,4.4272221093081,0.9460812483826411,-4.082767005788315,1.1075061639208834
t,500,RObangle,5.5676583344020205,0.929651660911931,-5.287378728910637,0.9152740612459973
t,500,cpu,1.6444246346554456,0.9880930619542629,-1.4398051217643693,1.055390184018661
t,500,mpsbroken,4.026467841201371,0.9452234759415649,-3.659638262846171,1.0846472819125685
t,400,conv,2.0179359119159206,0.990558589110783,-1.8421021587316326,1.058239311920827
t,400,convsat,0.6270192169572717,0.9946077399572223,-0.28272824201367114,0.9890085274574715
t,400,noRO,2.4155559541603173,0.989440440516224,-2.2335170051125792,1.0796525654620552
t,400,RO3ch,4.94960694753688,0.9572911993459357,-4.609731035655334,1.125508844700112
t,400,RObangle,6.982992768898034,0.873105194475968,-6.468540847111304,0.8479298920322283
t,400,cpu,2.0151977578521962,0.9905562582779925,-1.8402568237700407,1.0571127148700905
t,400,mpsbroken,6.064599803301335,0.8759473029790376,-5.46937355609052,0.9369067377145878
t,300,conv,2.197353530774965,0.9921660624729997,-2.084214144156479,0.9700610966722901
t,300,convsat,0.7639507484798013,0.9943774395247712,-0.48994292969766134,1.008596025236117
t,300,noRO,2.6817168999060135,0.9932407479410098,-2.6037666832926143,0.9785286840041187
t,300,RO3ch,4.73940711680757,0.937814017511746,-4.3196962756249055,1.0141496589856136
t,300,RObangle,7.9863333056557755,0.8183307710332638,-7.205895017657401,0.5661156971157221
t,300,cpu,2.1964940845607677,0.9921532616473221,-2.0828553051901904,0.9692208358425067
t,300,mpsbroken,7.911615005156595,0.7500874846918226,-7.020602758509212,0.8186152292798187
t,250,conv,2.4853384097357667,0.9840331455731206,-2.353880397018093,0.9422790730810416
t,250,convsat,0.7113676968564686,0.9916039032937697,-0.42705247102472,0.9747742189799811
t,250,noRO,2.9713497229353787,0.9805759267310281,-2.8355010606404756,0.9260434806977346
t,250,RO3ch,3.298574723786665,0.9612934795411784,-3.0565596072460757,0.8913620777772208
t,250,RObangle,7.736813191803036,0.575516977427863,-6.846256869535005,0.45919291901234544
t,250,cpu,2.4837706374268635,0.9838892851284159,-2.350587889065465,0.9407060838526328
t,250,mpsbroken,6.893914672235817,0.6356773556793999,-6.011511645114669,0.6844176041383456
t,200,conv,3.000666454335179,0.9051412836132271,-2.776812706246094,0.676414894381296
t,200,convsat,0.8235177691155534,0.9706847558890807,-0.5959621270283603,0.9914342960256305
t,200,noRO,3.3443188331998854,0.840212106974415,-3.039881915103984,0.6032282792233669
t,200,RO3ch,2.7784732633318723,0.8830559303643924,-2.5456939295349943,0.9387429845428091
t,200,RObangle,6.8208467838117945,-0.1201175316678549,-6.088830788879829,0.7267543405108801
t,200,cpu,2.995765288624621,0.9048149326066732,-2.7691823010698187,0.6723184083126099
t,200,mpsbroken,4.776853423517879,0.14857538597747486,-4.017582700555266,0.6231634229064447
t,150,conv,4.19171874387717,0.9743316633865392,-4.042932646920846,0.8971600624984929
t,150,convsat,1.1105854775093964,0.9899226016459606,-0.8877121900476509,1.013014677680531
t,150,noRO,4.46862509369339,0.9724906136873332,-4.316555402120594,0.8859406378874622
t,150,RO3ch,3.1741943354344837,0.9794304801265004,-3.0312097076905555,0.962189659374815
t,150,RObangle,4.056757320176431,0.8955047301421064,-3.362153133164805,0.6951834514702794
t,150,cpu,4.197506207786443,0.9743582119522808,-4.04768942248224,0.8939061945696588
t,150,mpsbroken,2.6793140965369524,0.9563876912361857,-2.2910137363156866,0.8940330688047335
t,100,conv,4.371320047124756,0.9690007619581019,-4.027997769008856,1.0024224533267543
t,100,convsat,0.9473563552996939,0.9918966602751579,-0.36542933355080953,1.0099250982916004
t,100,noRO,4.334051033177752,0.9711056430070706,-4.00747705580402,1.013079882696342
t,100,RO3ch,3.342301602561486,0.9689150111292496,-2.8861649355272294,0.9632802447999885
t,100,RObangle,2.3991305277541777,0.9672953114757615,0.38121871449037276,0.7294116656989662
t,100,cpu,4.393255951619745,0.9686031582337016,-4.047412962744067,1.001937812976057
t,100,mpsbroken,1.657487608097562,0.9756393015952531,-0.7044469368196223,0.955880625761901
t,50,conv,2.55838217811994,0.8010215473039174,1.6808755577123335,0.7081316884057535
t,50,convsat,1.3879662728017939,0.928146005342901,0.6551924757616311,0.83244800910866
t,50,noRO,2.5623325664511216,0.785401664230392,1.6221011263224614,0.714716931100677
t,50,RO3ch,2.4454602847183566,0.7911210032930744,1.4791811996738535,0.7905084507196669
t,50,RObangle,3.9807903581612716,0.6941924878227436,3.116859866230388,0.39950393613137275
t,50,cpu,2.593443313873933,0.7979519484443979,1.7192951345131766,0.704932432441743
t,50,mpsbroken,2.594264403793381,0.8502048973041041,1.9665579585978985,0.7775235063495182
u,1000,conv,1.176719034927195,0.8614752294191154,0.11711750031476605,0.8552178602789552
u,1000,convsat,0.9902543862939978,0.9048563969846664,0.02820425759784417,0.8493230794147213
u,1000,noRO,1.2146552471533048,0.8511389175950272,0.09608844257996493,0.866836264353458
u,1000,RO3ch,2.1592793700033095,0.3845612322325204,-0.09371502958589412,0.5373014351704436
u,1000,RObangle,2.996270319948723,-0.23388623900278852,0.0019710216673945505,0.6284074030874495
u,1000,cpu,1.17897172103013,0.8608948200397718,0.11727182050223343,0.8553324820597036
u,1000,mpsbroken,2.961802192230437,-0.28886127249340454,-0.1569365625800116,0.5649674707183504
u,925,conv,1.8192993450507624,0.881743833529125,0.25946834687395975,0.8522133102399416
u,925,convsat,1.4234014276408513,0.9321226774923518,0.11265907779467942,0.8451272428928931
u,925,noRO,1.8766468595541141,0.8731642897412251,0.27079415532428885,0.8753751721435676
u,925,RO3ch,3.291897009057191,0.5073548476078258,-0.21093867775480435,0.47653183756326756
u,925,RObangle,4.661067270120047,-0.3059302456995813,-0.23113893827796494,0.4600556729416817
u,925,cpu,1.8171913460717959,0.8819481691905849,0.25665521222191867,0.8535875249771144
u,925,mpsbroken,4.425821414358332,-0.12520244127396452,-0.5011607993388194,0.4646413921308776
u,850,conv,2.172772886783201,0.8965259408453581,0.22851309294934244,0.8629619283751786
u,850,convsat,1.5945181516830782,0.9506004368017248,0.07710463269203244,0.8463306980541666
u,850,noRO,2.3002275239011594,0.8822340378640141,0.19519259725859975,0.9022934162694309
u,850,RO3ch,4.200169843625167,0.5064125371800838,-0.22831474043315728,0.5007741070910814
u,850,RObangle,5.66669144106668,-0.1933756635976842,-0.8640489813341636,0.40938849345186745
u,850,cpu,2.168411162357275,0.8967958702772646,0.214499089337833,0.864045298027378
u,850,mpsbroken,5.095174509273784,0.10567786243180508,-0.7512590961137855,0.3968607553635158
u,700,conv,2.611337898579613,0.8951999458774285,0.4675602341419531,0.8841762773865299
u,700,convsat,1.9937853070887137,0.9413974400009588,-0.19201706288907086,0.8720386671414853
u,700,noRO,2.663267144422959,0.8909961884836344,0.4966050553280531,0.8950999519033989
u,700,RO3ch,4.749997142984443,0.5809682879613528,-0.18277329255968888,0.7069391905863783
u,700,RObangle,6.42173759830317,0.12829200259376747,-2.0498394155658763,0.4911000978362876
u,700,cpu,2.6048504245952726,0.8953775349774357,0.4422256812360333,0.884672487644512
u,700,mpsbroken,5.456746191529351,0.3478565352176985,-0.1760749743005603,0.47677868562799647
u,600,conv,2.364461472443171,0.9361252862030197,0.3999724735954847,0.9807377437136051
u,600,convsat,1.8689870092347745,0.9603626811354213,-0.30393029138526506,0.9289717170931263
u,600,noRO,2.3553603231207614,0.9374638646090335,0.5070911767206313,0.9729043702825175
u,600,RO3ch,5.533706491794355,0.5890411820252581,-0.09241984002200072,0.8242541728110517
u,600,RObangle,6.9602403649532345,0.24445935899316074,-1.8481079353094938,0.563342256450309
u,600,cpu,2.3681181178521724,0.9357747373214355,0.383624453249547,0.9808404382551048
u,600,mpsbroken,7.069136305388473,0.18995100493646164,-0.3132069637721072,0.6259762781540836
u,500,conv,2.667825096036162,0.9473665962064672,0.7764207401543061,1.0531098303455797
u,500,convsat,1.7853247386205733,0.9718527985666822,-0.05426634634452728,0.9636840452874802
u,500,noRO,2.8591694010509903,0.93778303978733,0.7823157316233043,1.0445977560984414
u,500,RO3ch,6.307835198123055,0.6217781489945856,0.11857923208667004,0.9058238141229116
u,500,RObangle,8.400851575861566,0.19391104620698157,-0.7859354781252852,0.7021954905615434
u,500,cpu,2.664279688006875,0.9472409411417047,0.7547706608363907,1.0530339359476386
u,500,mpsbroken,8.640244472236256,0.24736046651401802,0.39237256562877426,0.8483755737722075
u,400,conv,3.1844171268237567,0.9593007271277947,0.37135746465810426,1.1627451146900458
u,400,convsat,2.166414442112564,0.974242336922033,-0.5226857097699983,1.0259747144501594
u,400,noRO,3.3733745441196374,0.9528493338142212,0.418323769605206,1.1616805894022713
u,400,RO3ch,5.983402372775913,0.8003072362355562,0.4594253537530204,1.0676788567890507
u,400,RObangle,9.713272427755857,0.3028214419195236,-0.04728310615513101,0.7867900077683555
u,400,cpu,3.1643732630136534,0.9596543353976599,0.3338196057433686,1.16176244469597
u,400,mpsbroken,9.456081339159821,0.45550535947307413,1.4338543021364232,0.9707090637399026
u,300,conv,2.8189514856243827,0.9841758385010958,0.5716456846013043,1.0550854065740154
u,300,convsat,2.1875875373717193,0.989157972046084,-0.35185459198533836,0.9623443190364218
u,300,noRO,2.9378349528694567,0.9837819417939615,0.6056763485643126,1.06941593232458
u,300,RO3ch,5.4119378955719775,0.9353800903697084,1.3872544567683087,1.0112260807373687
u,300,RObangle,12.09547757368235,0.5585736076243597,1.5347451289911624,0.5702134134719008
u,300,cpu,2.8041415758952977,0.9842130905878658,0.5317259773328677,1.0543126498400732
u,300,mpsbroken,11.186985609623239,0.6976539303351276,4.148743607869941,0.7497381368689277
u,250,conv,3.0257540722933958,0.9885956939035946,0.12278301251356157,1.0621528358506107
u,250,convsat,2.19979502932606,0.9929459562595905,-0.5079805358656749,0.9884655296062129
u,250,noRO,3.098009467237288,0.9891199622574156,0.2580515204175195,1.0765785085421153
u,250,RO3ch,5.241856073420022,0.9579272387027666,0.549155505262754,0.9916872653849784
u,250,RObangle,14.695601921523316,0.613270753704303,0.43388177089202046,0.4152591955465283
u,250,cpu,3.013150294776535,0.9886650590454635,0.07613337189104556,1.0617568803990993
u,250,mpsbroken,12.147695581808659,0.795983199810142,4.0063437923221334,0.6016620935282525
u,200,conv,2.8816891415615835,0.9920689352865548,-0.004994757088659763,1.0440658580351039
u,200,convsat,2.0819045801759524,0.9952477227327586,-0.14562174042915169,1.006577669162152
u,200,noRO,3.1389559094208743,0.9899950073885122,0.07194328808871893,1.0350813018339993
u,200,RO3ch,5.38790511603343,0.9671933765635627,-0.197349905133818,0.9595276625686141
u,200,RObangle,17.867163911257023,0.6495309568970388,-0.7625307732817458,0.28634528389776065
u,200,cpu,2.882650505620237,0.9920667363207846,-0.04866828181994941,1.0440902169746056
u,200,mpsbroken,14.03720494676091,0.8383527528866145,2.552862382582026,0.48147963290568496
u,150,conv,4.1464431460075675,0.9839843586529453,1.0651793247671204,0.9601635158801315
u,150,convsat,2.673597131558153,0.9944085738994427,-0.435925181683246,0.9409082970499726
u,150,noRO,5.10154295075766,0.9755017994974879,1.0734211721118012,0.9342709855408334
u,150,RO3ch,5.240305334413562,0.9738819707609319,0.05168059810000706,0.9126623538193177
u,150,RObangle,18.716827365906482,0.6346634779351394,-0.34807263872308086,0.30586082821902844
u,150,cpu,4.142443112387561,0.9838920023463918,1.0232741942720307,0.9616395388522135
u,150,mpsbroken,15.352936377651705,0.8483055009625744,2.9010944089253674,0.4271097084203247
u,100,conv,4.837210206422555,0.9821819920631023,3.2629753740397938,0.9325782570138865
u,100,convsat,2.353392394155784,0.9919140597715759,0.13756690141340228,1.0076042059258743
u,100,noRO,4.914260370670911,0.9861474175826505,3.5210543057151495,0.9006799235765347
u,100,RO3ch,5.695415547938914,0.972001057252151,3.7056157143354844,0.9863782654417339
u,100,RObangle,12.723450338643438,0.8349436151258263,3.4477131879071483,0.45873454255783425
u,100,cpu,4.799186917212311,0.9823023913276921,3.231815538096585,0.9352802715886276
u,100,mpsbroken,12.571042979490471,0.9021692317783078,6.255339651425521,0.49451858664889203
u,50,conv,5.831342679678907,0.9490633445112443,4.896896773779104,0.7307525649737993
u,50,convsat,2.1937466074927037,0.9693204979273669,0.23896402380424814,0.8729689219252578
u,50,noRO,5.742212869708202,0.9397208018058123,4.509366910651435,0.6783348524110798
u,50,RO3ch,6.146866123709458,0.9235090560577435,4.908391904217616,0.6920982053343454
u,50,RObangle,7.78762397108803,0.8968939113192272,5.75762410033511,0.4414304152931069
u,50,cpu,5.810298692207212,0.9485470473189526,4.874196338364581,0.7332794635982378
u,50,mpsbroken,5.448480285847988,0.8846325843419808,3.4714069572896,0.6820013019930025
v,1000,conv,1.2572267931376306,0.9285870073598862,0.11206912906883709,0.9705469394762839
v,1000,convsat,1.015089843457826,0.9536517981915692,0.02199843147853432,0.9209619140562249
v,1000,noRO,1.2875769905842493,0.9249401011428571,0.10253312363648462,0.9702557357268852
v,1000,RO3ch,2.4446690995118603,0.72506856045849,-0.7888930386742069,0.6804082617660187
v,1000,RObangle,3.848641988408763,-0.24970679288309736,-0.5342535237989396,0.3457504343724075
v,1000,cpu,1.2553600132000478,0.9288451155319263,0.10754786083574916,0.9725617386323254
v,1000,mpsbroken,3.8445922806813844,0.06134070657942962,-1.1201158091552428,0.5163011063941807
v,925,conv,1.6173774856596879,0.9386304409284923,-0.06685259859325007,0.9686015213830392
v,925,convsat,1.2981708980722557,0.9617973127721356,-0.10765906061351553,0.9184521370374666
v,925,noRO,1.68978283813734,0.9333353766928421,-0.019367617320957285,0.9798714574571697
v,925,RO3ch,3.5832481035580823,0.6989673432973647,-1.30273993275709,0.69412155181327
v,925,RObangle,5.102301566495298,-0.04647843682398148,-1.1286064778730458,0.32593129509680774
v,925,cpu,1.6126116427175978,0.9390391854288928,-0.07655877113827508,0.9689599998139046
v,925,mpsbroken,5.199000894976081,0.09528234331148483,-1.7427523172226722,0.42752692238505485
v,850,conv,1.952353192352682,0.9327856644309329,0.07913330946355586,1.0202139657042357
v,850,convsat,1.4546121381810364,0.9612362193163617,-0.02799580720181093,0.9819746651194642
v,850,noRO,2.0973419373641775,0.9226228533837996,0.23009123354201147,1.0138604151421575
v,850,RO3ch,4.042130157885374,0.7142811643399561,-1.6698887193847254,0.7140352797088989
v,850,RObangle,5.363362996668082,0.21362292416880457,-1.4292141049207396,0.32128825696331587
v,850,cpu,1.9500519795522084,0.9328532291272847,0.07009980573932262,1.0194204234268955
v,850,mpsbroken,5.663227271294995,0.14675727292655275,-1.843039251182057,0.3877262025194655
v,700,conv,2.330666440890871,0.9431975120288344,0.3484643670682974,0.970701102513681
v,700,convsat,1.794405240420453,0.967176305935944,0.19326447784322318,0.9221068794661178
v,700,noRO,2.4027340256882694,0.9393858425128263,0.3797976662224562,0.9549381566601459
v,700,RO3ch,5.45541654624596,0.6750952794661196,-1.925986772845798,0.7059000707142192
v,700,RObangle,6.081451019568173,0.5308935482142636,-0.859402549175451,0.3299958979736188
v,700,cpu,2.3305857735172397,0.9430915310943516,0.3355792857786686,0.9701676904000223
v,700,mpsbroken,6.9760421277473545,0.2853523806709551,-1.9860834430096652,0.4168753336554546
v,600,conv,2.0358470716245147,0.9596723943144421,0.04427913660347927,1.0381104431823722
v,600,convsat,1.6194728389665949,0.972791875239527,-0.0432061660769992,0.9582044821630539
v,600,noRO,1.976656185595875,0.9610510194841061,-0.034586730519489635,1.023762361123083
v,600,RO3ch,5.75310772617757,0.6322841039363811,-1.8282005900225125,0.7400672783996842
v,600,RObangle,6.075285729433011,0.5246040829443197,-0.41879395727659013,0.349907830079816
v,600,cpu,2.0446021556143146,0.9592991169874272,0.03394213021004939,1.0379591863069213
v,600,mpsbroken,7.966563935432231,0.16878879835961283,-2.7144367480894998,0.5953590647480035
v,500,conv,2.4064327765399565,0.9388482645692655,-0.37948929448203295,1.061879910932328
v,500,convsat,1.9827154208569044,0.9541442122693431,-0.20423402552534206,1.0039529677677759
v,500,noRO,2.444471312789611,0.9389733470374729,-0.4717987718660197,1.0726893664085784
v,500,RO3ch,5.94455077423599,0.5475898278821026,-1.8758778935843639,0.778287528471673
v,500,RObangle,6.157887667559975,0.40353568136873175,-1.5844086337589747,0.3686275675417166
v,500,cpu,2.415164136749792,0.9385403681416365,-0.3952592549119116,1.062096993332301
v,500,mpsbroken,8.207577971510622,0.20655930623410007,-3.865505553070979,0.739341789027112
v,400,conv,2.458381987464855,0.9270629326777026,-0.07271943847079163,0.9641203149361579
v,400,convsat,1.955122586125017,0.9546660034997261,0.2053329207042116,0.9391203453170093
v,400,noRO,2.4182583870394745,0.932075565307348,-0.16098093541893127,1.0069658338480505
v,400,RO3ch,6.199942386328965,0.44377830507348776,-0.14090568047475618,0.7599473241931671
v,400,RObangle,6.472338260347827,0.27709874305184123,-1.3582986034352418,0.41142380764212566
v,400,cpu,2.466910738929466,0.926645108470594,-0.08614638677482761,0.9658360057258584
v,400,mpsbroken,7.624392451089155,0.24344097778237891,-2.346375209627813,0.7876840947811118
v,300,conv,2.647076913679021,0.9382148411991971,-0.15762107086765503,0.999190208097273
v,300,convsat,2.1112177374261702,0.9600767767436771,-0.07774156827485179,0.938600786174468
v,300,noRO,2.698132631400353,0.9387747584073884,-0.07183376787097454,1.0384893559649881
v,300,RO3ch,7.117996067405046,0.3956230677372205,1.002295892698508,0.581941589489832
v,300,RObangle,8.103685415918479,0.1022726628652788,-1.7745637864197206,0.4429461459224133
v,300,cpu,2.656815902998696,0.9379090781151067,-0.1708268302114123,1.0010049584524294
v,300,mpsbroken,8.164512434398,0.24838940863184084,0.2682672724232131,0.7374800908025156
v,250,conv,3.0703608917969865,0.9334748899358994,0.2136269134113305,1.0194671355404517
v,250,convsat,2.2056354034711885,0.9650633389547469,0.35984522148527365,0.9669412445047117
v,250,noRO,3.159831181243671,0.9318448089187557,0.21797165918004363,1.0432390714963307
v,250,RO3ch,7.783485426731474,0.39661716684465365,1.2627817947434634,0.5086668644193207
v,250,RObangle,9.831778319291422,-0.14367509042118828,-2.073567328871399,0.4561611361411404
v,250,cpu,3.0814224331557423,0.9331422797224886,0.19319557374525878,1.0219169008692135
v,250,mpsbroken,10.441666006759135,-0.0670838488016992,2.0167515875200785,0.6583816604710655
v,200,conv,3.144436220989665,0.9083165009831318,0.17119882206834988,1.0322387567933329
v,200,convsat,2.08301686318554,0.9585943293737331,0.28019538221520673,0.9246294169707197
v,200,noRO,3.231683373028385,0.906729286262859,-0.04186479248147135,1.0608315922590905
v,200,RO3ch,7.404699837668675,0.22236165536142247,1.1168963210303042,0.5119813478724708
v,200,RObangle,9.094391848131883,-0.2341532676400766,-0.7650259518509053,0.566006387628073
v,200,cpu,3.1362700046834844,0.9090354913702182,0.14832571023638458,1.034790423637275
v,200,mpsbroken,11.601409333723808,-0.469811254582466,3.0601485820181553,0.8101604525050369
v,150,conv,3.319058004664001,0.8439888291265644,0.5063683225522487,0.9631185422817967
v,150,convsat,2.764216299838042,0.8961514420745809,0.4814701501629421,0.7914795603555019
v,150,noRO,3.412598096727729,0.84153017297333,0.1429424190293721,1.0268261206939964
v,150,RO3ch,7.084483488311261,0.04869824361001702,2.026655112854809,0.5920787406987371
v,150,RObangle,8.722760137301572,-0.3853096120359324,3.4010450707376547,0.5937808706517843
v,150,cpu,3.3205905331834757,0.8433839527251437,0.47590591941254057,0.9629507591149187
v,150,mpsbroken,12.175522580105156,-0.6478343714394424,5.09381597380517,1.0406062846460107
v,100,conv,2.9874881980476786,0.7569705136479724,-1.3152452249903668,0.9472729910701594
v,100,convsat,2.692068977035316,0.7582838301419205,-0.7445461399321229,0.8348755354223085
v,100,noRO,3.932739581813833,0.7014069808331505,-2.1127023713133664,1.148971349862514
v,100,RO3ch,5.349690214933687,-0.261082769545406,-0.4572789061363632,0.6860903336935497
v,100,RObangle,5.640737506108555,-0.48039253696957274,1.1578970649870886,0.6117729264918763
v,100,cpu,2.9864952527821935,0.7569584785825929,-1.305542916006432,0.9504834358506506
v,100,mpsbroken,6.53803400717616,-0.33336838116178713,-0.6025441941129481,1.0229645538312113
v,50,conv,2.1403771489729535,0.4997694686315716,-0.714167931004701,0.6662331800151329
v,50,convsat,2.0065580523008855,0.5305140428100485,0.23526725814053756,0.7310851702732789
v,50,noRO,2.3507902533107634,0.35863483307473465,-0.9382984111247602,0.4865533645613035
v,50,RO3ch,2.0754587322167803,0.48823642404379897,-0.28919419477875524,0.7015375986938177
v,50,RObangle,2.351912286681594,0.15428489016348015,0.3886615863750642,0.38215177472927353
v,50,cpu,2.141949351302461,0.49541941009410556,-0.6982914255275224,0.6655740873995901
v,50,mpsbroken,2.881640326170697,-0.08102402286728165,-1.3246168827097915,0.42693839828593005
z,1000,conv,77.93050062554258,0.9620058311330417,-9.981315466969003,0.9631344455467427
z,1000,convsat,59.24598800683474,0.9802241907162652,-12.736973311036273,0.9290514130386207
z,1000,noRO,90.46251142156808,0.9485514287962387,-12.143022018560593,0.9544086694840145
z,1000,RO3ch,238.969886336807,0.7492256283262901,52.043446995596476,1.2393211946505178
z,1000,RObangle,287.33765475677154,0.4896088641778313,116.2685365880947,0.8079646045389764
z,1000,cpu,77.48053059305549,0.96258604372886,-10.905933899038775,0.960524977065695
z,1000,mpsbroken,250.38575922864248,0.6290790683763277,72.20710063015777,0.9653007782392371
z,925,conv,74.54039170575061,0.9616081792102608,-35.65082758644688,0.9489560801655734
z,925,convsat,53.32049518105901,0.9780515838004891,-17.319003037742224,0.9409996240372605
z,925,noRO,89.47625816299777,0.9455747007984079,-44.64181349363046,0.9423212947634726
z,925,RO3ch,237.1025131496412,0.6040881826474471,-8.70514832601153,1.19877862906663
z,925,RObangle,261.9345017326598,0.28038906026149557,46.415875140322285,0.7793738005683023
z,925,cpu,74.56509088363254,0.9621003445132702,-36.390626559435596,0.9468327892147927
z,925,mpsbroken,240.02090258765284,0.39156546685077415,-9.226464065855268,0.7995062796724344
z,850,conv,94.63274859656104,0.9620281394922964,-73.37790203704148,0.9521444216238459
z,850,convsat,51.431926084038906,0.9791979908094022,-25.449428892362235,0.9555713443222459
z,850,noRO,113.50271698439012,0.9467734614869823,-89.00301282921158,0.9419893755840072
z,850,RO3ch,258.1388043968507,0.4631540735280214,-101.86003406684,1.087489544747562
z,850,RObangle,261.33017588129366,0.11922671425155473,-60.658179249426,0.7225604816891886
z,850,cpu,94.91741794170656,0.9623352432194534,-73.92593494674094,0.9509565377491217
z,850,mpsbroken,286.74571335252085,0.06786919045598203,-132.18845167277686,0.6655553023204938
z,700,conv,171.62347718149795,0.978173853763336,-155.4823416408409,1.0595174698636731
z,700,convsat,58.94049393792951,0.993264942648981,-44.89184277249002,0.9750487877218804
z,700,noRO,197.22862374473726,0.9708364313633444,-178.90692529041598,1.0575220877374394
z,700,RO3ch,390.7114832274031,0.7486201048051458,-315.3799367762748,0.9977371247497858
z,700,RObangle,416.7633149565724,0.5796964002577252,-318.4288648297755,0.7132505386611145
z,700,cpu,171.60595923824508,0.9782983010469766,-155.57158927454566,1.0591794128214842
z,700,mpsbroken,548.6634771640796,0.4709981997326397,-436.44920416129196,0.9851404554675948
z,600,conv,228.75106351368103,0.993136776999256,-217.54003957454034,1.0866838153720721
z,600,convsat,65.74825905609183,0.9972488128425524,-54.96502511464415,0.9787911334268287
z,600,noRO,259.13299717809804,0.9917397844603087,-247.37082002043357,1.0930114367181487
z,600,RO3ch,538.2638504746764,0.89417809891129,-491.1525829972637,1.0244444665536463
z,600,RObangle,617.3938817824585,0.7982016705398078,-547.8135163169983,0.7738815854281543
z,600,cpu,228.54314454880156,0.9931785468738917,-217.45598876080896,1.0857618926461483
z,600,mpsbroken,747.6329473229774,0.720074151845834,-644.1977989145548,1.1249262225015568
z,500,conv,305.3124579749638,0.9970534109200775,-294.7834423745078,1.08806648930915
z,500,convsat,75.97536521398457,0.9985917568455002,-66.12555631072453,0.9805920672956374
z,500,noRO,342.8775775866798,0.9969240048420375,-331.10308968102566,1.1048683031005935
z,500,RO3ch,735.870680639994,0.9604637442136066,-708.3015103389586,1.0689417732654858
z,500,RObangle,885.3695972862405,0.8976687974260986,-834.4279859459184,0.8501641315087393
z,500,cpu,304.93367204968774,0.9970311490751382,-294.56443736798474,1.0865302409854378
z,500,mpsbroken,931.1431943404059,0.8683963870615109,-845.7538754584076,1.1755349400416923
z,400,conv,415.9518550578258,0.9983939610061402,-402.5434121295065,1.0914065250487748
z,400,convsat,88.38003656665055,0.9991880714829462,-78.28601806039799,0.9852251968814072
z,400,noRO,473.90141801561674,0.9981097357027741,-456.88719765482233,1.1136013789764587
z,400,RO3ch,1018.1449928870077,0.9824716979390712,-995.4596798963294,1.1033765384456204
z,400,RObangle,1272.1603092739044,0.932750845616713,-1223.0574303143353,0.883366312924705
z,400,cpu,415.31061219620966,0.9983728888157947,-402.17119008188394,1.0897889650421306
z,400,mpsbroken,1214.295785512219,0.9394460150584537,-1154.2952113779888,1.1295775105697947
z,300,conv,580.1642912354131,0.9989475391325553,-569.1175020152461,1.0650917682036318
z,300,convsat,122.04721050918803,0.9995100884298336,-112.71571757148536,0.9877476743733216
z,300,noRO,678.2452517717184,0.9986818725804141,-663.1781565458169,1.0863152298751193
z,300,RO3ch,1413.577406818104,0.9841692404203242,-1384.114111840052,1.0873865618650116
z,300,RObangle,1882.7813979239745,0.9413739227187716,-1816.2241637731402,0.8326461036763528
z,300,cpu,579.6601691951024,0.9989244230502745,-568.8238287449966,1.06373983342684
z,300,mpsbroken,1752.569312126537,0.956451013472537,-1700.7505289261585,1.034665385419533
z,250,conv,693.8658618516747,0.9991976719171602,-686.239054418825,1.0472197614840826
z,250,convsat,146.8822158362905,0.9996270440059023,-138.47143884783307,0.987552327486937
z,250,noRO,818.0834909403858,0.9990207518784542,-807.2699288420304,1.0666340808319472
z,250,RO3ch,1613.686858031275,0.9832698471962675,-1580.6486053327149,1.0608839308350624
z,250,RObangle,2269.6538634153126,0.9417484386774361,-2186.553283879447,0.7853689530125332
z,250,cpu,692.9704069062494,0.9991750281263552,-685.4559713057561,1.046063978314429
z,250,mpsbroken,2109.70964907978,0.9540629180261274,-2050.792736446012,0.9900485286985524
z,200,conv,857.2705783607755,0.9985509288702442,-848.3246518769182,1.0440509206309092
z,200,convsat,176.24487283340295,0.9996434921576475,-167.9773021400092,0.9850351748638545
z,200,noRO,1003.3738097030839,0.9976673448830424,-991.5135840010965,1.0528130149754495
z,200,RO3ch,1774.3890971041542,0.9872346363223355,-1750.2108115642595,1.035913784220208
z,200,RObangle,2700.33280785732,0.9377650740502644,-2611.9298062311195,0.7581611521426613
z,200,cpu,856.107864454465,0.9985139318072979,-847.2253405164283,1.0427250872681733
z,200,mpsbroken,2437.4762434488175,0.9510336028466174,-2376.4532417366177,0.9599507221692127
z,150,conv,1137.80773035963,0.9968450602730011,-1126.455453378118,1.065775380056273
z,150,convsat,237.04235448318317,0.999396561820759,-228.86996323057554,0.9786475694887676
z,150,noRO,1304.4926329301586,0.9946399642820284,-1289.8051777296537,1.070077300154838
z,150,RO3ch,1991.4666021872513,0.9860375398932184,-1973.2985187567076,1.0429521870580138
z,150,RObangle,3070.4179246357935,0.9198271003637223,-3003.91302273214,0.7792410446711293
z,150,cpu,1136.6838017054286,0.9967829653113868,-1125.3426796046456,1.064649227234683
z,150,mpsbroken,2677.005062784299,0.9346423911314714,-2621.2681184296575,0.9574608828375136
z,100,conv,1660.6719608323785,0.9869820836359097,-1650.5203135605436,1.1198192177437052
z,100,convsat,289.0045554753445,0.9984943203679443,-284.0136088798324,0.9721705743503632
z,100,noRO,1849.5404586743784,0.9804604345076006,-1836.4976380065327,1.133873547152352
z,100,RO3ch,2368.602486157954,0.9747661476779612,-2358.354592374077,1.0882318535468423
z,100,RObangle,3192.6089806045893,0.8786726608951229,-3164.495985355879,0.8202937520623795
z,100,cpu,1660.8857227752376,0.987041127629738,-1650.7869260002053,1.1194873804516619
z,100,mpsbroken,2838.314539769853,0.8737603931894455,-2804.564659396886,0.9736739095090212
z,50,conv,1655.561317181471,0.6466089756359471,-1621.4201168375005,0.47826563362507274
z,50,convsat,327.94348813228765,0.983590183552163,-317.8286692008868,0.9281200772121717
z,50,noRO,1844.9188189583417,0.7339149108912014,-1816.3752449315896,0.40429593661520963
z,50,RO3ch,2288.817994977753,0.8331891902697162,-2271.658023884864,0.48526533906645514
z,50,RObangle,2740.3517687414974,0.44013450047598934,-2712.4497844174207,0.2866116436496297
z,50,cpu,1654.581018313421,0.6469453926288978,-1620.4766358968436,0.48033591952511284
z,50,mpsbroken,2568.727155819283,0.9394287772731934,-2557.5052477241625,0.49637617822565083
q,1000,conv,1249.9060099177445,0.9824042496337901,-432.5149454340754,0.9152394179088821
q,1000,convsat,872.828451239431,0.9906787836799054,-33.53196171003421,0.9338005116025321
q,1000,noRO,1332.352180246077,0.9824114279453076,-509.3958510870377,0.8899485246139021
q,1000,RO3ch,2565.5119724369433,0.9550606200383469,-1825.8963765600108,0.8830907616930553
q,1000,RObangle,4382.386177957727,0.8668901055900128,-3085.711913504215,0.696915308861117
q,1000,cpu,1257.7950702269914,0.9821519725967756,-438.36148850751397,0.9155460116754317
q,1000,mpsbroken,4214.846006289189,0.9218907826996939,-3498.476818886853,0.8315296341594948
q,925,conv,1257.0062240657437,0.9712236606550729,-269.12920849171695,0.9249168771994563
q,925,convsat,919.0243303010405,0.9845399528534771,152.0072030426549,0.9471743184804202
q,925,noRO,1368.8430703898816,0.9672509854453141,-287.5767060484731,0.8930266786225154
q,925,RO3ch,2284.3495198889923,0.9283728653412783,-1291.9004869830937,0.9068239277642745
q,925,RObangle,4026.7112731203897,0.7838459314110489,-2456.665533491957,0.6748329933667236
q,925,cpu,1262.4006521871288,0.9710420472364649,-276.88267267781663,0.9245990469913078
q,925,mpsbroken,4191.825300735396,0.8684642858733281,-3345.929396866764,0.8118836602115337
q,850,conv,1220.6478715949238,0.9689039381888395,-411.3726184214097,0.9070372133912615
q,850,convsat,811.0878389631602,0.9858326059187085,99.84283545143172,0.9243715537795536
q,850,noRO,1440.3821097907096,0.9546546543208029,-413.8376362658408,0.8831155390015952
q,850,RO3ch,2247.0329532477836,0.9260876142810465,-1454.430916067525,0.8798318789285983
q,850,RObangle,3978.681252526677,0.7581795273822587,-2598.854559950957,0.610327415204
q,850,cpu,1229.1525587588621,0.9686014578888208,-420.32634404092414,0.9061446844506508
q,850,mpsbroken,4359.566400061514,0.8019571811670345,-3422.7263917784553,0.7546717358033266
q,700,conv,1226.6241982965698,0.9553104359491472,-701.7124140785013,0.9431579286317813
q,700,convsat,710.8199520519448,0.9780998009116356,3.561460531729367,0.9588524757360608
q,700,noRO,1483.0420815832883,0.936806125889566,-884.929403473008,0.9278521391888146
q,700,RO3ch,2260.340136933514,0.9191667169611398,-1796.1405489894892,0.8314192256183297
q,700,RObangle,3959.3221150648324,0.672778350799593,-3011.588909598284,0.5180936280776473
q,700,cpu,1225.3327593527947,0.9555844087590615,-703.2750862000433,0.9411783343253058
q,700,mpsbroken,4663.234875598596,0.4644593777752762,-3556.7434327894302,0.5117189437314582
q,600,conv,1061.4023379785335,0.9496783316838213,-653.1173323605766,0.9070040740087459
q,600,convsat,571.9155544407082,0.9769214167322371,-79.6278384860028,0.9640951715757616
q,600,noRO,1306.7599824327635,0.9338680229065813,-898.1294281721337,0.9068124457715224
q,600,RO3ch,2137.4999395624022,0.873691195066116,-1689.942601490481,0.784921017622984
q,600,RObangle,3648.304656495239,0.536026998629718,-2871.70313724931,0.43517644519168314
q,600,cpu,1063.5221901693224,0.9497923477891489,-657.0260178394041,0.9056373374225899
q,600,mpsbroken,4509.863232086984,0.09381885853706139,-3564.9156853197696,0.4069919887198029
q,500,conv,735.4246994662909,0.9385603720571208,-390.20584830000274,0.8966821137463009
q,500,convsat,440.0118540710835,0.9697360770615355,43.898252637027994,0.9719895210570966
q,500,noRO,1028.5062454007254,0.9008666245767502,-672.1892162159583,0.8950712297657989
q,500,RO3ch,1606.8121861285624,0.8017009133913886,-1197.0720859741432,0.8081751652803466
q,500,RObangle,2870.580471922382,0.4236745872003602,-2364.7289340523107,0.36740435504505564
q,500,cpu,736.5678204575412,0.9388333045046814,-393.74173124482206,0.8949310967084662
q,500,mpsbroken,3345.279941514666,-0.10903024802867047,-2732.2087462257123,0.30415331855461575
q,400,conv,518.073829443932,0.8905464883039333,-233.42997074126515,0.8365112921908295
q,400,convsat,348.42038718840587,0.9392503313695644,9.579657127126483,0.9047328717247202
q,400,noRO,638.9528843013622,0.8618784196709832,-376.01686430079525,0.7937895269777752
q,400,RO3ch,856.5269201342699,0.7329903989623784,-508.4904849373687,0.7906492683549687
q,400,RObangle,1620.0422218748022,0.3714514969885613,-1314.259711891466,0.23659221344478282
q,400,cpu,519.3013772891035,0.8902675449826064,-235.05437183970233,0.8361774188647422
q,400,mpsbroken,1784.0055528828307,-0.22312486378664148,-1425.639928209159,0.19896239915402125
q,300,conv,230.9026504893189,0.8316624314213834,-116.98164790875349,0.7936087352652589
q,300,convsat,143.42005180239371,0.9249518797342617,-44.72774293561603,0.8988365744533057
q,300,noRO,258.0408756914063,0.8094039112255721,-148.6185625637887,0.7550106408198305
q,300,RO3ch,356.95025232868284,0.6095599589739592,-213.94711874223088,0.7081426543542373
q,300,RObangle,553.2471825482659,0.5443284962448373,-450.5114205339558,0.22438294092479702
q,300,cpu,231.391413506569,0.8303512522668779,-116.7659625137474,0.7925468915225965
q,300,mpsbroken,597.8976061552786,0.00738774360482039,-473.6307294441805,0.20959871098427352
q,250,conv,116.19855341716212,0.7519732097919675,-47.8635471913161,0.7286216979867023
q,250,convsat,68.48529914078645,0.9098699765597923,-14.514016223480496,0.8685653795511548
q,250,noRO,121.04019040726006,0.7432523739283347,-55.53111527929314,0.7069896956660144
q,250,RO3ch,163.76216805645396,0.5868291200248933,-98.86580364144693,0.6629429829448527
q,250,RObangle,224.50289595319595,0.6541665886178601,-175.44747840970666,0.21904259839695836
q,250,cpu,116.29597259536428,0.7508045543075902,-47.63825851600988,0.7283767378527247
q,250,mpsbroken,247.94982466258955,0.16346458511839249,-190.76746354341293,0.18043756696923752
q,200,conv,39.23035651451113,0.8229916673900989,-20.621523316287263,0.6830421595147661
q,200,convsat,23.036961677295242,0.9218465747415667,-5.929594948787388,0.8761897650032947
q,200,noRO,41.05779957104122,0.8169145351923371,-22.917053127459774,0.6620109192441652
q,200,RO3ch,51.7598681211553,0.7311562882103598,-33.179191656515826,0.591194269874954
q,200,RObangle,72.7419794303102,0.5385825767886615,-50.77603084515421,0.18665375283053398
q,200,cpu,39.22251471843572,0.8229690213506312,-20.607746844082698,0.6832046482708879
q,200,mpsbroken,78.31125861615082,0.4755696961850741,-57.0813552239276,0.14468969990072927
q,150,conv,8.602982810378782,0.8178653019669314,-4.528683857708122,0.5492491214359129
q,150,convsat,5.417131149934249,0.8879066821976856,-1.0622862188130182,0.8554908103201618
q,150,noRO,8.875160471357828,0.8134895636829643,-4.764133222006619,0.5230066742229477
q,150,RO3ch,10.877434695262599,0.6626148729112432,-6.360480503739113,0.5016284901010343
q,150,RObangle,14.666858508749122,0.37280520167974446,-9.71697201837947,0.1521533201805541
q,150,cpu,8.578093925504296,0.8188656014777074,-4.50859255988922,0.5506541220719605
q,150,mpsbroken,14.846741216039922,0.5186627449582971,-10.363611379826377,0.17101250504242535
q,100,conv,1.1328484547586362,0.2507952133789617,-0.4478916105843864,0.4930055698608841
q,100,convsat,0.7812750371132701,0.7079157983929262,-0.11262561338144315,0.48243826305541837
q,100,noRO,1.1906758334908663,0.18552174209702638,-0.5678150364387352,0.38980988836334646
q,100,RO3ch,1.2446373608535721,0.21383416542328623,-0.6773814865324624,0.433890867511825
q,100,RObangle,1.2432319602223254,0.13577346329378426,-0.691431467856491,0.120550625650298
q,100,cpu,1.1327515235063743,0.24897147262805627,-0.4436772669407873,0.49596946921913004
q,100,mpsbroken,1.5156256862191542,-0.10727642383941281,-1.0121941941458892,0.3191879976327372
q,50,conv,0.1285484255614498,0.8401070754000461,-0.12027393123086007,0.5872546784198339
q,50,convsat,0.04710456870848545,0.8247127972581614,-0.014313655536458353,0.6500943188778243
q,50,noRO,0.14549469154070102,0.8215087451416871,-0.13698068692014845,0.5161560334971184
q,50,RO3ch,0.22839746157010785,0.6335210484707244,-0.21905674065056,0.27518333084269
q,50,RObangle,0.24282869505794302,0.8223946493141221,-0.23570164714189976,0.3031533862236015
q,50,cpu,0.12843475378718597,0.8422254586389001,-0.12019958421683467,0.5862436755689482
q,50,mpsbroken,0.23561021905177948,0.3195070403239756,-0.22424439393290888,0.21326194180089486
